[{"TOTALE":3,"REGIONE":"ABRUZZO","COMUNE":"AVEZZANO"},{"TOTALE":2,"REGIONE":"ABRUZZO","COMUNE":"BUCCHIANICO"},{"TOTALE":2,"REGIONE":"ABRUZZO","COMUNE":"CAPISTRELLO"},{"TOTALE":1,"REGIONE":"ABRUZZO","COMUNE":"CASTILENTI"},{"TOTALE":2,"REGIONE":"ABRUZZO","COMUNE":"CHIETI"},{"TOTALE":2,"REGIONE":"ABRUZZO","COMUNE":"CITTÀ SANT'ANGELO"},{"TOTALE":1,"REGIONE":"ABRUZZO","COMUNE":"COLONNELLA"},{"TOTALE":6,"REGIONE":"ABRUZZO","COMUNE":"L'AQUILA"},{"TOTALE":2,"REGIONE":"ABRUZZO","COMUNE":"MARTINSICURO"},{"TOTALE":10,"REGIONE":"ABRUZZO","COMUNE":"MONTESILVANO"},{"TOTALE":2,"REGIONE":"ABRUZZO","COMUNE":"NAVELLI"},{"TOTALE":5,"REGIONE":"ABRUZZO","COMUNE":"PESCARA"},{"TOTALE":2,"REGIONE":"ABRUZZO","COMUNE":"RIPA TEATINA"},{"TOTALE":1,"REGIONE":"ABRUZZO","COMUNE":"ROSETO DEGLI ABRUZZI"},{"TOTALE":2,"REGIONE":"ABRUZZO","COMUNE":"SAN SALVO"},{"TOTALE":4,"REGIONE":"ABRUZZO","COMUNE":"SAN VITO CHIETINO"},{"TOTALE":2,"REGIONE":"ABRUZZO","COMUNE":"SCOPPITO"},{"TOTALE":2,"REGIONE":"ABRUZZO","COMUNE":"SULMONA"},{"TOTALE":1,"REGIONE":"ABRUZZO","COMUNE":"TERAMO"},{"TOTALE":1,"REGIONE":"ABRUZZO","COMUNE":"TORTORETO"},{"TOTALE":4,"REGIONE":"ABRUZZO","COMUNE":"VASTO"},{"TOTALE":3,"REGIONE":"BASILICATA","COMUNE":"CASTELGRANDE"},{"TOTALE":5,"REGIONE":"BASILICATA","COMUNE":"MATERA"},{"TOTALE":2,"REGIONE":"BASILICATA","COMUNE":"MELFI"},{"TOTALE":4,"REGIONE":"BASILICATA","COMUNE":"MOLITERNO"},{"TOTALE":2,"REGIONE":"BASILICATA","COMUNE":"PIGNOLA"},{"TOTALE":1,"REGIONE":"BASILICATA","COMUNE":"POLICORO"},{"TOTALE":6,"REGIONE":"BASILICATA","COMUNE":"POTENZA"},{"TOTALE":2,"REGIONE":"CALABRIA","COMUNE":"BAGNARA CALABRA"},{"TOTALE":1,"REGIONE":"CALABRIA","COMUNE":"BORGIA"},{"TOTALE":2,"REGIONE":"CALABRIA","COMUNE":"CASSANO ALL'IONIO"},{"TOTALE":2,"REGIONE":"CALABRIA","COMUNE":"CATANZARO"},{"TOTALE":3,"REGIONE":"CALABRIA","COMUNE":"CETRARO"},{"TOTALE":1,"REGIONE":"CALABRIA","COMUNE":"CIRÒ MARINA"},{"TOTALE":7,"REGIONE":"CALABRIA","COMUNE":"CORIGLIANO-ROSSANO"},{"TOTALE":4,"REGIONE":"CALABRIA","COMUNE":"COSENZA"},{"TOTALE":2,"REGIONE":"CALABRIA","COMUNE":"CROTONE"},{"TOTALE":2,"REGIONE":"CALABRIA","COMUNE":"CURINGA"},{"TOTALE":2,"REGIONE":"CALABRIA","COMUNE":"GIFFONE"},{"TOTALE":3,"REGIONE":"CALABRIA","COMUNE":"GIOIA TAURO"},{"TOTALE":1,"REGIONE":"CALABRIA","COMUNE":"GUARDAVALLE"},{"TOTALE":4,"REGIONE":"CALABRIA","COMUNE":"LAMEZIA TERME"},{"TOTALE":1,"REGIONE":"CALABRIA","COMUNE":"LAUREANA DI BORRELLO"},{"TOTALE":2,"REGIONE":"CALABRIA","COMUNE":"LOCRI"},{"TOTALE":2,"REGIONE":"CALABRIA","COMUNE":"MAIDA"},{"TOTALE":2,"REGIONE":"CALABRIA","COMUNE":"MELITO DI PORTO SALVO"},{"TOTALE":1,"REGIONE":"CALABRIA","COMUNE":"PALIZZI"},{"TOTALE":1,"REGIONE":"CALABRIA","COMUNE":"POLISTENA"},{"TOTALE":15,"REGIONE":"CALABRIA","COMUNE":"REGGIO DI CALABRIA"},{"TOTALE":2,"REGIONE":"CALABRIA","COMUNE":"SANT'ALESSIO IN ASPROMONTE"},{"TOTALE":3,"REGIONE":"CALABRIA","COMUNE":"SPEZZANO ALBANESE"},{"TOTALE":10,"REGIONE":"CALABRIA","COMUNE":"SPEZZANO DELLA SILA"},{"TOTALE":1,"REGIONE":"CALABRIA","COMUNE":"TAURIANOVA"},{"TOTALE":2,"REGIONE":"CALABRIA","COMUNE":"VIBO VALENTIA"},{"TOTALE":3,"REGIONE":"CAMPANIA","COMUNE":"ALTAVILLA SILENTINA"},{"TOTALE":6,"REGIONE":"CAMPANIA","COMUNE":"ASCEA"},{"TOTALE":2,"REGIONE":"CAMPANIA","COMUNE":"BOSCOREALE"},{"TOTALE":1,"REGIONE":"CAMPANIA","COMUNE":"CAIVANO"},{"TOTALE":1,"REGIONE":"CAMPANIA","COMUNE":"CANCELLO ED ARNONE"},{"TOTALE":6,"REGIONE":"CAMPANIA","COMUNE":"CAPACCIO PAESTUM"},{"TOTALE":1,"REGIONE":"CAMPANIA","COMUNE":"CAPUA"},{"TOTALE":1,"REGIONE":"CAMPANIA","COMUNE":"CASAL VELINO"},{"TOTALE":2,"REGIONE":"CAMPANIA","COMUNE":"CASALUCE"},{"TOTALE":2,"REGIONE":"CAMPANIA","COMUNE":"CASAMARCIANO"},{"TOTALE":3,"REGIONE":"CAMPANIA","COMUNE":"CASTEL VOLTURNO"},{"TOTALE":1,"REGIONE":"CAMPANIA","COMUNE":"CASTELLO DI CISTERNA"},{"TOTALE":6,"REGIONE":"CAMPANIA","COMUNE":"CASTELNUOVO CILENTO"},{"TOTALE":1,"REGIONE":"CAMPANIA","COMUNE":"CELLE DI BULGHERIA"},{"TOTALE":2,"REGIONE":"CAMPANIA","COMUNE":"CERVINO"},{"TOTALE":2,"REGIONE":"CAMPANIA","COMUNE":"DUGENTA"},{"TOTALE":3,"REGIONE":"CAMPANIA","COMUNE":"EBOLI"},{"TOTALE":2,"REGIONE":"CAMPANIA","COMUNE":"GIUGLIANO IN CAMPANIA"},{"TOTALE":4,"REGIONE":"CAMPANIA","COMUNE":"LUSCIANO"},{"TOTALE":8,"REGIONE":"CAMPANIA","COMUNE":"MARANO DI NAPOLI"},{"TOTALE":2,"REGIONE":"CAMPANIA","COMUNE":"MARCIANISE"},{"TOTALE":4,"REGIONE":"CAMPANIA","COMUNE":"MONDRAGONE"},{"TOTALE":2,"REGIONE":"CAMPANIA","COMUNE":"MONTESANO SULLA MARCELLANA"},{"TOTALE":4,"REGIONE":"CAMPANIA","COMUNE":"MONTORO"},{"TOTALE":25,"REGIONE":"CAMPANIA","COMUNE":"NAPOLI"},{"TOTALE":1,"REGIONE":"CAMPANIA","COMUNE":"NUSCO"},{"TOTALE":3,"REGIONE":"CAMPANIA","COMUNE":"OLEVANO SUL TUSCIANO"},{"TOTALE":1,"REGIONE":"CAMPANIA","COMUNE":"PANNARANO"},{"TOTALE":4,"REGIONE":"CAMPANIA","COMUNE":"POMPEI"},{"TOTALE":4,"REGIONE":"CAMPANIA","COMUNE":"POZZUOLI"},{"TOTALE":2,"REGIONE":"CAMPANIA","COMUNE":"ROCCADASPIDE"},{"TOTALE":4,"REGIONE":"CAMPANIA","COMUNE":"ROCCAPIEMONTE"},{"TOTALE":2,"REGIONE":"CAMPANIA","COMUNE":"SALA CONSILINA"},{"TOTALE":6,"REGIONE":"CAMPANIA","COMUNE":"SALERNO"},{"TOTALE":8,"REGIONE":"CAMPANIA","COMUNE":"SAN GIORGIO A CREMANO"},{"TOTALE":4,"REGIONE":"CAMPANIA","COMUNE":"SAN GIORGIO DEL SANNIO"},{"TOTALE":4,"REGIONE":"CAMPANIA","COMUNE":"SAN NICOLA LA STRADA"},{"TOTALE":2,"REGIONE":"CAMPANIA","COMUNE":"SAN TAMMARO"},{"TOTALE":1,"REGIONE":"CAMPANIA","COMUNE":"SANT'AGATA DE' GOTI"},{"TOTALE":2,"REGIONE":"CAMPANIA","COMUNE":"SANT'ANTIMO"},{"TOTALE":4,"REGIONE":"CAMPANIA","COMUNE":"SESSA AURUNCA"},{"TOTALE":3,"REGIONE":"CAMPANIA","COMUNE":"TORRE LE NOCELLE"},{"TOTALE":2,"REGIONE":"CAMPANIA","COMUNE":"TRECASE"},{"TOTALE":2,"REGIONE":"CAMPANIA","COMUNE":"TRENTOLA DUCENTA"},{"TOTALE":2,"REGIONE":"CAMPANIA","COMUNE":"VALVA"},{"TOTALE":2,"REGIONE":"CAMPANIA","COMUNE":"VIBONATI"},{"TOTALE":1,"REGIONE":"CAMPANIA","COMUNE":"VILLARICCA"},{"TOTALE":2,"REGIONE":"EMILIA ROMAGNA","COMUNE":"ARGELATO"},{"TOTALE":4,"REGIONE":"EMILIA ROMAGNA","COMUNE":"BARICELLA"},{"TOTALE":4,"REGIONE":"EMILIA ROMAGNA","COMUNE":"BASTIGLIA"},{"TOTALE":65,"REGIONE":"EMILIA ROMAGNA","COMUNE":"BOLOGNA"},{"TOTALE":4,"REGIONE":"EMILIA ROMAGNA","COMUNE":"BORGONOVO VAL TIDONE"},{"TOTALE":2,"REGIONE":"EMILIA ROMAGNA","COMUNE":"CADELBOSCO DI SOPRA"},{"TOTALE":6,"REGIONE":"EMILIA ROMAGNA","COMUNE":"CARPI"},{"TOTALE":2,"REGIONE":"EMILIA ROMAGNA","COMUNE":"CASTEL MAGGIORE"},{"TOTALE":2,"REGIONE":"EMILIA ROMAGNA","COMUNE":"CASTEL SAN GIOVANNI"},{"TOTALE":2,"REGIONE":"EMILIA ROMAGNA","COMUNE":"CASTELFRANCO EMILIA"},{"TOTALE":2,"REGIONE":"EMILIA ROMAGNA","COMUNE":"CASTELNOVO DI SOTTO"},{"TOTALE":2,"REGIONE":"EMILIA ROMAGNA","COMUNE":"CASTELVETRO DI MODENA"},{"TOTALE":3,"REGIONE":"EMILIA ROMAGNA","COMUNE":"CASTELVETRO PIACENTINO"},{"TOTALE":1,"REGIONE":"EMILIA ROMAGNA","COMUNE":"CENTO"},{"TOTALE":3,"REGIONE":"EMILIA ROMAGNA","COMUNE":"CERVIA"},{"TOTALE":13,"REGIONE":"EMILIA ROMAGNA","COMUNE":"CESENA"},{"TOTALE":2,"REGIONE":"EMILIA ROMAGNA","COMUNE":"CODIGORO"},{"TOTALE":6,"REGIONE":"EMILIA ROMAGNA","COMUNE":"COMACCHIO"},{"TOTALE":4,"REGIONE":"EMILIA ROMAGNA","COMUNE":"COPPARO"},{"TOTALE":2,"REGIONE":"EMILIA ROMAGNA","COMUNE":"FAENZA"},{"TOTALE":1,"REGIONE":"EMILIA ROMAGNA","COMUNE":"FERRARA"},{"TOTALE":7,"REGIONE":"EMILIA ROMAGNA","COMUNE":"FIDENZA"},{"TOTALE":1,"REGIONE":"EMILIA ROMAGNA","COMUNE":"FINALE EMILIA"},{"TOTALE":4,"REGIONE":"EMILIA ROMAGNA","COMUNE":"FIORANO MODENESE"},{"TOTALE":4,"REGIONE":"EMILIA ROMAGNA","COMUNE":"FIORENZUOLA D'ARDA"},{"TOTALE":8,"REGIONE":"EMILIA ROMAGNA","COMUNE":"FORLÌ"},{"TOTALE":4,"REGIONE":"EMILIA ROMAGNA","COMUNE":"FORMIGINE"},{"TOTALE":1,"REGIONE":"EMILIA ROMAGNA","COMUNE":"FUSIGNANO"},{"TOTALE":1,"REGIONE":"EMILIA ROMAGNA","COMUNE":"GAMBETTOLA"},{"TOTALE":3,"REGIONE":"EMILIA ROMAGNA","COMUNE":"GUASTALLA"},{"TOTALE":6,"REGIONE":"EMILIA ROMAGNA","COMUNE":"IMOLA"},{"TOTALE":2,"REGIONE":"EMILIA ROMAGNA","COMUNE":"LANGHIRANO"},{"TOTALE":1,"REGIONE":"EMILIA ROMAGNA","COMUNE":"LONGIANO"},{"TOTALE":5,"REGIONE":"EMILIA ROMAGNA","COMUNE":"MARANELLO"},{"TOTALE":2,"REGIONE":"EMILIA ROMAGNA","COMUNE":"MARZABOTTO"},{"TOTALE":2,"REGIONE":"EMILIA ROMAGNA","COMUNE":"MIRANDOLA"},{"TOTALE":148,"REGIONE":"EMILIA ROMAGNA","COMUNE":"MODENA"},{"TOTALE":1,"REGIONE":"EMILIA ROMAGNA","COMUNE":"MOLINELLA"},{"TOTALE":17,"REGIONE":"EMILIA ROMAGNA","COMUNE":"MONTE SAN PIETRO"},{"TOTALE":2,"REGIONE":"EMILIA ROMAGNA","COMUNE":"NEVIANO DEGLI ARDUINI"},{"TOTALE":1,"REGIONE":"EMILIA ROMAGNA","COMUNE":"NOVELLARA"},{"TOTALE":17,"REGIONE":"EMILIA ROMAGNA","COMUNE":"PARMA"},{"TOTALE":5,"REGIONE":"EMILIA ROMAGNA","COMUNE":"PIACENZA"},{"TOTALE":4,"REGIONE":"EMILIA ROMAGNA","COMUNE":"PIANORO"},{"TOTALE":11,"REGIONE":"EMILIA ROMAGNA","COMUNE":"RAVENNA"},{"TOTALE":18,"REGIONE":"EMILIA ROMAGNA","COMUNE":"REGGIO NELL'EMILIA"},{"TOTALE":5,"REGIONE":"EMILIA ROMAGNA","COMUNE":"RIMINI"},{"TOTALE":2,"REGIONE":"EMILIA ROMAGNA","COMUNE":"RUSSI"},{"TOTALE":3,"REGIONE":"EMILIA ROMAGNA","COMUNE":"SALA BOLOGNESE"},{"TOTALE":8,"REGIONE":"EMILIA ROMAGNA","COMUNE":"SAN CLEMENTE"},{"TOTALE":2,"REGIONE":"EMILIA ROMAGNA","COMUNE":"SAN GIORGIO DI PIANO"},{"TOTALE":5,"REGIONE":"EMILIA ROMAGNA","COMUNE":"SAN GIOVANNI IN PERSICETO"},{"TOTALE":2,"REGIONE":"EMILIA ROMAGNA","COMUNE":"SAN LAZZARO DI SAVENA"},{"TOTALE":3,"REGIONE":"EMILIA ROMAGNA","COMUNE":"SAN PIETRO IN CASALE"},{"TOTALE":1,"REGIONE":"EMILIA ROMAGNA","COMUNE":"SAN SECONDO PARMENSE"},{"TOTALE":3,"REGIONE":"EMILIA ROMAGNA","COMUNE":"SASSO MARCONI"},{"TOTALE":4,"REGIONE":"EMILIA ROMAGNA","COMUNE":"SCANDIANO"},{"TOTALE":2,"REGIONE":"EMILIA ROMAGNA","COMUNE":"SERRAMAZZONI"},{"TOTALE":1,"REGIONE":"EMILIA ROMAGNA","COMUNE":"SOLIERA"},{"TOTALE":1,"REGIONE":"EMILIA ROMAGNA","COMUNE":"TIZZANO VAL PARMA"},{"TOTALE":2,"REGIONE":"EMILIA ROMAGNA","COMUNE":"TORRILE"},{"TOTALE":3,"REGIONE":"EMILIA ROMAGNA","COMUNE":"TRAVERSETOLO"},{"TOTALE":2,"REGIONE":"EMILIA ROMAGNA","COMUNE":"ZOLA PREDOSA"},{"TOTALE":12,"REGIONE":"FRIULI VENEZIA GIULIA","COMUNE":"AQUILEIA"},{"TOTALE":2,"REGIONE":"FRIULI VENEZIA GIULIA","COMUNE":"ARTA TERME"},{"TOTALE":2,"REGIONE":"FRIULI VENEZIA GIULIA","COMUNE":"AZZANO DECIMO"},{"TOTALE":2,"REGIONE":"FRIULI VENEZIA GIULIA","COMUNE":"CORDENONS"},{"TOTALE":2,"REGIONE":"FRIULI VENEZIA GIULIA","COMUNE":"CORNO DI ROSAZZO"},{"TOTALE":6,"REGIONE":"FRIULI VENEZIA GIULIA","COMUNE":"GORIZIA"},{"TOTALE":1,"REGIONE":"FRIULI VENEZIA GIULIA","COMUNE":"LATISANA"},{"TOTALE":4,"REGIONE":"FRIULI VENEZIA GIULIA","COMUNE":"MONFALCONE"},{"TOTALE":2,"REGIONE":"FRIULI VENEZIA GIULIA","COMUNE":"MUGGIA"},{"TOTALE":2,"REGIONE":"FRIULI VENEZIA GIULIA","COMUNE":"OSOPPO"},{"TOTALE":4,"REGIONE":"FRIULI VENEZIA GIULIA","COMUNE":"POLCENIGO"},{"TOTALE":7,"REGIONE":"FRIULI VENEZIA GIULIA","COMUNE":"PORDENONE"},{"TOTALE":1,"REGIONE":"FRIULI VENEZIA GIULIA","COMUNE":"SAN DORLIGO DELLA VALLE-DOLINA"},{"TOTALE":1,"REGIONE":"FRIULI VENEZIA GIULIA","COMUNE":"TARCENTO"},{"TOTALE":4,"REGIONE":"FRIULI VENEZIA GIULIA","COMUNE":"TAVAGNACCO"},{"TOTALE":27,"REGIONE":"FRIULI VENEZIA GIULIA","COMUNE":"TRIESTE"},{"TOTALE":4,"REGIONE":"FRIULI VENEZIA GIULIA","COMUNE":"UDINE"},{"TOTALE":2,"REGIONE":"FRIULI VENEZIA GIULIA","COMUNE":"VAJONT"},{"TOTALE":1,"REGIONE":"LAZIO","COMUNE":"AFFILE"},{"TOTALE":4,"REGIONE":"LAZIO","COMUNE":"ALATRI"},{"TOTALE":3,"REGIONE":"LAZIO","COMUNE":"ALBANO LAZIALE"},{"TOTALE":14,"REGIONE":"LAZIO","COMUNE":"ANZIO"},{"TOTALE":12,"REGIONE":"LAZIO","COMUNE":"APRILIA"},{"TOTALE":9,"REGIONE":"LAZIO","COMUNE":"ARDEA"},{"TOTALE":2,"REGIONE":"LAZIO","COMUNE":"BELLEGRA"},{"TOTALE":2,"REGIONE":"LAZIO","COMUNE":"BRACCIANO"},{"TOTALE":7,"REGIONE":"LAZIO","COMUNE":"CAMPAGNANO DI ROMA"},{"TOTALE":1,"REGIONE":"LAZIO","COMUNE":"CANALE MONTERANO"},{"TOTALE":4,"REGIONE":"LAZIO","COMUNE":"CASSINO"},{"TOTALE":2,"REGIONE":"LAZIO","COMUNE":"CASTEL GANDOLFO"},{"TOTALE":2,"REGIONE":"LAZIO","COMUNE":"CASTEL MADAMA"},{"TOTALE":3,"REGIONE":"LAZIO","COMUNE":"CAVE"},{"TOTALE":3,"REGIONE":"LAZIO","COMUNE":"CELLENO"},{"TOTALE":2,"REGIONE":"LAZIO","COMUNE":"CEPRANO"},{"TOTALE":3,"REGIONE":"LAZIO","COMUNE":"CERRETO LAZIALE"},{"TOTALE":8,"REGIONE":"LAZIO","COMUNE":"CERVETERI"},{"TOTALE":6,"REGIONE":"LAZIO","COMUNE":"CIAMPINO"},{"TOTALE":2,"REGIONE":"LAZIO","COMUNE":"CINETO ROMANO"},{"TOTALE":3,"REGIONE":"LAZIO","COMUNE":"CISTERNA DI LATINA"},{"TOTALE":4,"REGIONE":"LAZIO","COMUNE":"CIVITA CASTELLANA"},{"TOTALE":15,"REGIONE":"LAZIO","COMUNE":"CIVITAVECCHIA"},{"TOTALE":1,"REGIONE":"LAZIO","COMUNE":"CIVITELLA SAN PAOLO"},{"TOTALE":2,"REGIONE":"LAZIO","COMUNE":"COLLEFERRO"},{"TOTALE":2,"REGIONE":"LAZIO","COMUNE":"COLONNA"},{"TOTALE":9,"REGIONE":"LAZIO","COMUNE":"CORI"},{"TOTALE":2,"REGIONE":"LAZIO","COMUNE":"ESPERIA"},{"TOTALE":4,"REGIONE":"LAZIO","COMUNE":"FARA IN SABINA"},{"TOTALE":4,"REGIONE":"LAZIO","COMUNE":"FERENTINO"},{"TOTALE":2,"REGIONE":"LAZIO","COMUNE":"FIANO ROMANO"},{"TOTALE":15,"REGIONE":"LAZIO","COMUNE":"FIUMICINO"},{"TOTALE":1,"REGIONE":"LAZIO","COMUNE":"FONDI"},{"TOTALE":2,"REGIONE":"LAZIO","COMUNE":"FORMIA"},{"TOTALE":2,"REGIONE":"LAZIO","COMUNE":"FRASCATI"},{"TOTALE":2,"REGIONE":"LAZIO","COMUNE":"GENZANO DI ROMA"},{"TOTALE":6,"REGIONE":"LAZIO","COMUNE":"GUIDONIA MONTECELIO"},{"TOTALE":17,"REGIONE":"LAZIO","COMUNE":"LADISPOLI"},{"TOTALE":6,"REGIONE":"LAZIO","COMUNE":"LARIANO"},{"TOTALE":12,"REGIONE":"LAZIO","COMUNE":"LATINA"},{"TOTALE":2,"REGIONE":"LAZIO","COMUNE":"LENOLA"},{"TOTALE":2,"REGIONE":"LAZIO","COMUNE":"MANZIANA"},{"TOTALE":5,"REGIONE":"LAZIO","COMUNE":"MARINO"},{"TOTALE":1,"REGIONE":"LAZIO","COMUNE":"MENTANA"},{"TOTALE":1,"REGIONE":"LAZIO","COMUNE":"MONTE COMPATRI"},{"TOTALE":5,"REGIONE":"LAZIO","COMUNE":"MONTE PORZIO CATONE"},{"TOTALE":1,"REGIONE":"LAZIO","COMUNE":"MONTE SAN GIOVANNI IN SABINA"},{"TOTALE":5,"REGIONE":"LAZIO","COMUNE":"MONTEROSI"},{"TOTALE":3,"REGIONE":"LAZIO","COMUNE":"MONTEROTONDO"},{"TOTALE":1,"REGIONE":"LAZIO","COMUNE":"NEPI"},{"TOTALE":10,"REGIONE":"LAZIO","COMUNE":"NETTUNO"},{"TOTALE":5,"REGIONE":"LAZIO","COMUNE":"PALOMBARA SABINA"},{"TOTALE":4,"REGIONE":"LAZIO","COMUNE":"POLI"},{"TOTALE":14,"REGIONE":"LAZIO","COMUNE":"POMEZIA"},{"TOTALE":4,"REGIONE":"LAZIO","COMUNE":"RIETI"},{"TOTALE":5,"REGIONE":"LAZIO","COMUNE":"RIGNANO FLAMINIO"},{"TOTALE":4,"REGIONE":"LAZIO","COMUNE":"ROCCA DI PAPA"},{"TOTALE":2,"REGIONE":"LAZIO","COMUNE":"ROCCA PRIORA"},{"TOTALE":1,"REGIONE":"LAZIO","COMUNE":"ROCCA SANTO STEFANO"},{"TOTALE":3,"REGIONE":"LAZIO","COMUNE":"ROCCAGORGA"},{"TOTALE":429,"REGIONE":"LAZIO","COMUNE":"ROMA"},{"TOTALE":1,"REGIONE":"LAZIO","COMUNE":"SACROFANO"},{"TOTALE":2,"REGIONE":"LAZIO","COMUNE":"SANT'ANGELO ROMANO"},{"TOTALE":7,"REGIONE":"LAZIO","COMUNE":"SANTA MARINELLA"},{"TOTALE":2,"REGIONE":"LAZIO","COMUNE":"SANTI COSMA E DAMIANO"},{"TOTALE":2,"REGIONE":"LAZIO","COMUNE":"SARACINESCO"},{"TOTALE":2,"REGIONE":"LAZIO","COMUNE":"SCANDRIGLIA"},{"TOTALE":2,"REGIONE":"LAZIO","COMUNE":"SEGNI"},{"TOTALE":4,"REGIONE":"LAZIO","COMUNE":"SEZZE"},{"TOTALE":1,"REGIONE":"LAZIO","COMUNE":"SORIANO NEL CIMINO"},{"TOTALE":3,"REGIONE":"LAZIO","COMUNE":"SUBIACO"},{"TOTALE":2,"REGIONE":"LAZIO","COMUNE":"TERRACINA"},{"TOTALE":23,"REGIONE":"LAZIO","COMUNE":"TIVOLI"},{"TOTALE":4,"REGIONE":"LAZIO","COMUNE":"TORRI IN SABINA"},{"TOTALE":1,"REGIONE":"LAZIO","COMUNE":"TUSCANIA"},{"TOTALE":1,"REGIONE":"LAZIO","COMUNE":"VALMONTONE"},{"TOTALE":6,"REGIONE":"LAZIO","COMUNE":"VELLETRI"},{"TOTALE":12,"REGIONE":"LAZIO","COMUNE":"VITERBO"},{"TOTALE":2,"REGIONE":"LAZIO","COMUNE":"ZAGAROLO"},{"TOTALE":2,"REGIONE":"LIGURIA","COMUNE":"ALBENGA"},{"TOTALE":2,"REGIONE":"LIGURIA","COMUNE":"ALBISOLA SUPERIORE"},{"TOTALE":2,"REGIONE":"LIGURIA","COMUNE":"ARCOLA"},{"TOTALE":2,"REGIONE":"LIGURIA","COMUNE":"ARENZANO"},{"TOTALE":4,"REGIONE":"LIGURIA","COMUNE":"CERIALE"},{"TOTALE":2,"REGIONE":"LIGURIA","COMUNE":"CERIANA"},{"TOTALE":4,"REGIONE":"LIGURIA","COMUNE":"CHIAVARI"},{"TOTALE":3,"REGIONE":"LIGURIA","COMUNE":"FINALE LIGURE"},{"TOTALE":26,"REGIONE":"LIGURIA","COMUNE":"GENOVA"},{"TOTALE":3,"REGIONE":"LIGURIA","COMUNE":"IMPERIA"},{"TOTALE":10,"REGIONE":"LIGURIA","COMUNE":"LA SPEZIA"},{"TOTALE":4,"REGIONE":"LIGURIA","COMUNE":"LERICI"},{"TOTALE":1,"REGIONE":"LIGURIA","COMUNE":"MONTALTO CARPASIO"},{"TOTALE":3,"REGIONE":"LIGURIA","COMUNE":"OSPEDALETTI"},{"TOTALE":3,"REGIONE":"LIGURIA","COMUNE":"SAN BARTOLOMEO AL MARE"},{"TOTALE":2,"REGIONE":"LIGURIA","COMUNE":"SANTO STEFANO DI MAGRA"},{"TOTALE":2,"REGIONE":"LIGURIA","COMUNE":"SARZANA"},{"TOTALE":3,"REGIONE":"LIGURIA","COMUNE":"SAVONA"},{"TOTALE":2,"REGIONE":"LIGURIA","COMUNE":"VENTIMIGLIA"},{"TOTALE":1,"REGIONE":"LOMBARDIA","COMUNE":"ABBIATEGRASSO"},{"TOTALE":2,"REGIONE":"LOMBARDIA","COMUNE":"ALBANO SANT'ALESSANDRO"},{"TOTALE":2,"REGIONE":"LOMBARDIA","COMUNE":"ALBINO"},{"TOTALE":2,"REGIONE":"LOMBARDIA","COMUNE":"ALBUZZANO"},{"TOTALE":2,"REGIONE":"LOMBARDIA","COMUNE":"ASSO"},{"TOTALE":1,"REGIONE":"LOMBARDIA","COMUNE":"AZZATE"},{"TOTALE":1,"REGIONE":"LOMBARDIA","COMUNE":"BARANZATE"},{"TOTALE":2,"REGIONE":"LOMBARDIA","COMUNE":"BASIGLIO"},{"TOTALE":1,"REGIONE":"LOMBARDIA","COMUNE":"BEDERO VALCUVIA"},{"TOTALE":2,"REGIONE":"LOMBARDIA","COMUNE":"BELLANO"},{"TOTALE":2,"REGIONE":"LOMBARDIA","COMUNE":"BELLUSCO"},{"TOTALE":9,"REGIONE":"LOMBARDIA","COMUNE":"BERGAMO"},{"TOTALE":2,"REGIONE":"LOMBARDIA","COMUNE":"BESOZZO"},{"TOTALE":2,"REGIONE":"LOMBARDIA","COMUNE":"BINAGO"},{"TOTALE":3,"REGIONE":"LOMBARDIA","COMUNE":"BOLLATE"},{"TOTALE":1,"REGIONE":"LOMBARDIA","COMUNE":"BONATE SOTTO"},{"TOTALE":2,"REGIONE":"LOMBARDIA","COMUNE":"BOTTICINO"},{"TOTALE":3,"REGIONE":"LOMBARDIA","COMUNE":"BREMBATE"},{"TOTALE":19,"REGIONE":"LOMBARDIA","COMUNE":"BRESCIA"},{"TOTALE":2,"REGIONE":"LOMBARDIA","COMUNE":"BRESSO"},{"TOTALE":1,"REGIONE":"LOMBARDIA","COMUNE":"BRUGHERIO"},{"TOTALE":4,"REGIONE":"LOMBARDIA","COMUNE":"BUSTO GAROLFO"},{"TOTALE":1,"REGIONE":"LOMBARDIA","COMUNE":"CADREZZATE CON OSMATE"},{"TOTALE":1,"REGIONE":"LOMBARDIA","COMUNE":"CALOLZIOCORTE"},{"TOTALE":3,"REGIONE":"LOMBARDIA","COMUNE":"CAMBIAGO"},{"TOTALE":1,"REGIONE":"LOMBARDIA","COMUNE":"CANONICA D'ADDA"},{"TOTALE":4,"REGIONE":"LOMBARDIA","COMUNE":"CANZO"},{"TOTALE":3,"REGIONE":"LOMBARDIA","COMUNE":"CAPRALBA"},{"TOTALE":2,"REGIONE":"LOMBARDIA","COMUNE":"CAPRIATE SAN GERVASIO"},{"TOTALE":1,"REGIONE":"LOMBARDIA","COMUNE":"CARATE BRIANZA"},{"TOTALE":2,"REGIONE":"LOMBARDIA","COMUNE":"CARONNO PERTUSELLA"},{"TOTALE":1,"REGIONE":"LOMBARDIA","COMUNE":"CARUGATE"},{"TOTALE":2,"REGIONE":"LOMBARDIA","COMUNE":"CASALMAGGIORE"},{"TOTALE":1,"REGIONE":"LOMBARDIA","COMUNE":"CASORATE PRIMO"},{"TOTALE":1,"REGIONE":"LOMBARDIA","COMUNE":"CASSANO MAGNAGO"},{"TOTALE":2,"REGIONE":"LOMBARDIA","COMUNE":"CASSOLNOVO"},{"TOTALE":3,"REGIONE":"LOMBARDIA","COMUNE":"CASTELLANZA"},{"TOTALE":2,"REGIONE":"LOMBARDIA","COMUNE":"CASTIGLIONE OLONA"},{"TOTALE":4,"REGIONE":"LOMBARDIA","COMUNE":"CAVENAGO D'ADDA"},{"TOTALE":1,"REGIONE":"LOMBARDIA","COMUNE":"CELLATICA"},{"TOTALE":1,"REGIONE":"LOMBARDIA","COMUNE":"CENTRO VALLE INTELVI"},{"TOTALE":2,"REGIONE":"LOMBARDIA","COMUNE":"CERNUSCO SUL NAVIGLIO"},{"TOTALE":2,"REGIONE":"LOMBARDIA","COMUNE":"CESANO MADERNO"},{"TOTALE":4,"REGIONE":"LOMBARDIA","COMUNE":"CHIARI"},{"TOTALE":2,"REGIONE":"LOMBARDIA","COMUNE":"CHIGNOLO PO"},{"TOTALE":1,"REGIONE":"LOMBARDIA","COMUNE":"CILAVEGNA"},{"TOTALE":7,"REGIONE":"LOMBARDIA","COMUNE":"CINISELLO BALSAMO"},{"TOTALE":4,"REGIONE":"LOMBARDIA","COMUNE":"CISLAGO"},{"TOTALE":4,"REGIONE":"LOMBARDIA","COMUNE":"CISLIANO"},{"TOTALE":4,"REGIONE":"LOMBARDIA","COMUNE":"CODOGNO"},{"TOTALE":2,"REGIONE":"LOMBARDIA","COMUNE":"COLLI VERDI"},{"TOTALE":1,"REGIONE":"LOMBARDIA","COMUNE":"COLOGNO MONZESE"},{"TOTALE":6,"REGIONE":"LOMBARDIA","COMUNE":"COMO"},{"TOTALE":2,"REGIONE":"LOMBARDIA","COMUNE":"CONCOREZZO"},{"TOTALE":5,"REGIONE":"LOMBARDIA","COMUNE":"CORMANO"},{"TOTALE":7,"REGIONE":"LOMBARDIA","COMUNE":"CORNATE D'ADDA"},{"TOTALE":1,"REGIONE":"LOMBARDIA","COMUNE":"COSTA MASNAGA"},{"TOTALE":1,"REGIONE":"LOMBARDIA","COMUNE":"CREMA"},{"TOTALE":5,"REGIONE":"LOMBARDIA","COMUNE":"CREMONA"},{"TOTALE":1,"REGIONE":"LOMBARDIA","COMUNE":"CUGGIONO"},{"TOTALE":1,"REGIONE":"LOMBARDIA","COMUNE":"CUSAGO"},{"TOTALE":4,"REGIONE":"LOMBARDIA","COMUNE":"CUSANO MILANINO"},{"TOTALE":8,"REGIONE":"LOMBARDIA","COMUNE":"DESENZANO DEL GARDA"},{"TOTALE":5,"REGIONE":"LOMBARDIA","COMUNE":"EDOLO"},{"TOTALE":3,"REGIONE":"LOMBARDIA","COMUNE":"GALLARATE"},{"TOTALE":3,"REGIONE":"LOMBARDIA","COMUNE":"GIUSSAGO"},{"TOTALE":4,"REGIONE":"LOMBARDIA","COMUNE":"GIUSSANO"},{"TOTALE":3,"REGIONE":"LOMBARDIA","COMUNE":"GOITO"},{"TOTALE":5,"REGIONE":"LOMBARDIA","COMUNE":"GORGONZOLA"},{"TOTALE":62,"REGIONE":"LOMBARDIA","COMUNE":"ISPRA"},{"TOTALE":3,"REGIONE":"LOMBARDIA","COMUNE":"JERAGO CON ORAGO"},{"TOTALE":2,"REGIONE":"LOMBARDIA","COMUNE":"LECCO"},{"TOTALE":2,"REGIONE":"LOMBARDIA","COMUNE":"LENO"},{"TOTALE":1,"REGIONE":"LOMBARDIA","COMUNE":"LIMBIATE"},{"TOTALE":1,"REGIONE":"LOMBARDIA","COMUNE":"LIVRAGA"},{"TOTALE":10,"REGIONE":"LOMBARDIA","COMUNE":"LOCATE DI TRIULZI"},{"TOTALE":10,"REGIONE":"LOMBARDIA","COMUNE":"LODI"},{"TOTALE":1,"REGIONE":"LOMBARDIA","COMUNE":"LOMAGNA"},{"TOTALE":1,"REGIONE":"LOMBARDIA","COMUNE":"LONATE CEPPINO"},{"TOTALE":2,"REGIONE":"LOMBARDIA","COMUNE":"LONATO DEL GARDA"},{"TOTALE":2,"REGIONE":"LOMBARDIA","COMUNE":"MACHERIO"},{"TOTALE":1,"REGIONE":"LOMBARDIA","COMUNE":"MAGNAGO"},{"TOTALE":10,"REGIONE":"LOMBARDIA","COMUNE":"MALNATE"},{"TOTALE":1,"REGIONE":"LOMBARDIA","COMUNE":"MANTOVA"},{"TOTALE":9,"REGIONE":"LOMBARDIA","COMUNE":"MERATE"},{"TOTALE":181,"REGIONE":"LOMBARDIA","COMUNE":"MILANO"},{"TOTALE":4,"REGIONE":"LOMBARDIA","COMUNE":"MONTICHIARI"},{"TOTALE":4,"REGIONE":"LOMBARDIA","COMUNE":"MONZA"},{"TOTALE":1,"REGIONE":"LOMBARDIA","COMUNE":"MUGGIÒ"},{"TOTALE":2,"REGIONE":"LOMBARDIA","COMUNE":"NERVIANO"},{"TOTALE":4,"REGIONE":"LOMBARDIA","COMUNE":"NOVA MILANESE"},{"TOTALE":4,"REGIONE":"LOMBARDIA","COMUNE":"OPERA"},{"TOTALE":3,"REGIONE":"LOMBARDIA","COMUNE":"OSSONA"},{"TOTALE":2,"REGIONE":"LOMBARDIA","COMUNE":"PALAZZOLO SULL'OGLIO"},{"TOTALE":10,"REGIONE":"LOMBARDIA","COMUNE":"PAVIA"},{"TOTALE":2,"REGIONE":"LOMBARDIA","COMUNE":"PESCHIERA BORROMEO"},{"TOTALE":1,"REGIONE":"LOMBARDIA","COMUNE":"PIEVE EMANUELE"},{"TOTALE":2,"REGIONE":"LOMBARDIA","COMUNE":"PIOLTELLO"},{"TOTALE":2,"REGIONE":"LOMBARDIA","COMUNE":"POGNANA LARIO"},{"TOTALE":1,"REGIONE":"LOMBARDIA","COMUNE":"PONTI SUL MINCIO"},{"TOTALE":4,"REGIONE":"LOMBARDIA","COMUNE":"PONTIDA"},{"TOTALE":1,"REGIONE":"LOMBARDIA","COMUNE":"PONTOGLIO"},{"TOTALE":3,"REGIONE":"LOMBARDIA","COMUNE":"POZZO D'ADDA"},{"TOTALE":8,"REGIONE":"LOMBARDIA","COMUNE":"RANICA"},{"TOTALE":6,"REGIONE":"LOMBARDIA","COMUNE":"REZZAGO"},{"TOTALE":2,"REGIONE":"LOMBARDIA","COMUNE":"REZZATO"},{"TOTALE":1,"REGIONE":"LOMBARDIA","COMUNE":"RHO"},{"TOTALE":1,"REGIONE":"LOMBARDIA","COMUNE":"RIPALTA CREMASCA"},{"TOTALE":1,"REGIONE":"LOMBARDIA","COMUNE":"RIVANAZZANO TERME"},{"TOTALE":1,"REGIONE":"LOMBARDIA","COMUNE":"RIVOLTA D'ADDA"},{"TOTALE":2,"REGIONE":"LOMBARDIA","COMUNE":"ROGNO"},{"TOTALE":1,"REGIONE":"LOMBARDIA","COMUNE":"SALÒ"},{"TOTALE":1,"REGIONE":"LOMBARDIA","COMUNE":"SAN DONATO MILANESE"},{"TOTALE":4,"REGIONE":"LOMBARDIA","COMUNE":"SAN GIULIANO MILANESE"},{"TOTALE":2,"REGIONE":"LOMBARDIA","COMUNE":"SAN ZENONE AL LAMBRO"},{"TOTALE":7,"REGIONE":"LOMBARDIA","COMUNE":"SANT'ANGELO LODIGIANO"},{"TOTALE":7,"REGIONE":"LOMBARDIA","COMUNE":"SAREZZO"},{"TOTALE":2,"REGIONE":"LOMBARDIA","COMUNE":"SARONNO"},{"TOTALE":6,"REGIONE":"LOMBARDIA","COMUNE":"SCANZOROSCIATE"},{"TOTALE":2,"REGIONE":"LOMBARDIA","COMUNE":"SCHIVENOGLIA"},{"TOTALE":2,"REGIONE":"LOMBARDIA","COMUNE":"SEGRATE"},{"TOTALE":10,"REGIONE":"LOMBARDIA","COMUNE":"SESTO SAN GIOVANNI"},{"TOTALE":2,"REGIONE":"LOMBARDIA","COMUNE":"SEVESO"},{"TOTALE":4,"REGIONE":"LOMBARDIA","COMUNE":"SORESINA"},{"TOTALE":4,"REGIONE":"LOMBARDIA","COMUNE":"SPIRANO"},{"TOTALE":4,"REGIONE":"LOMBARDIA","COMUNE":"TAINO"},{"TOTALE":3,"REGIONE":"LOMBARDIA","COMUNE":"TORREVECCHIA PIA"},{"TOTALE":1,"REGIONE":"LOMBARDIA","COMUNE":"TREVIGLIO"},{"TOTALE":1,"REGIONE":"LOMBARDIA","COMUNE":"TREZZANO SUL NAVIGLIO"},{"TOTALE":3,"REGIONE":"LOMBARDIA","COMUNE":"TRIBIANO"},{"TOTALE":1,"REGIONE":"LOMBARDIA","COMUNE":"USMATE VELATE"},{"TOTALE":2,"REGIONE":"LOMBARDIA","COMUNE":"VALMADRERA"},{"TOTALE":1,"REGIONE":"LOMBARDIA","COMUNE":"VAREDO"},{"TOTALE":1,"REGIONE":"LOMBARDIA","COMUNE":"VARESE"},{"TOTALE":1,"REGIONE":"LOMBARDIA","COMUNE":"VIGEVANO"},{"TOTALE":2,"REGIONE":"LOMBARDIA","COMUNE":"VILLANTERIO"},{"TOTALE":4,"REGIONE":"LOMBARDIA","COMUNE":"VOGHERA"},{"TOTALE":3,"REGIONE":"LOMBARDIA","COMUNE":"ZANICA"},{"TOTALE":3,"REGIONE":"LOMBARDIA","COMUNE":"ZIBIDO SAN GIACOMO"},{"TOTALE":2,"REGIONE":"MARCHE","COMUNE":"ACQUALAGNA"},{"TOTALE":1,"REGIONE":"MARCHE","COMUNE":"ACQUAVIVA PICENA"},{"TOTALE":8,"REGIONE":"MARCHE","COMUNE":"ANCONA"},{"TOTALE":2,"REGIONE":"MARCHE","COMUNE":"ARCEVIA"},{"TOTALE":2,"REGIONE":"MARCHE","COMUNE":"ASCOLI PICENO"},{"TOTALE":1,"REGIONE":"MARCHE","COMUNE":"CARTOCETO"},{"TOTALE":3,"REGIONE":"MARCHE","COMUNE":"CASTELFIDARDO"},{"TOTALE":2,"REGIONE":"MARCHE","COMUNE":"CASTELRAIMONDO"},{"TOTALE":5,"REGIONE":"MARCHE","COMUNE":"FANO"},{"TOTALE":2,"REGIONE":"MARCHE","COMUNE":"FERMO"},{"TOTALE":13,"REGIONE":"MARCHE","COMUNE":"FRONTONE"},{"TOTALE":4,"REGIONE":"MARCHE","COMUNE":"JESI"},{"TOTALE":1,"REGIONE":"MARCHE","COMUNE":"LORETO"},{"TOTALE":3,"REGIONE":"MARCHE","COMUNE":"MACERATA FELTRIA"},{"TOTALE":4,"REGIONE":"MARCHE","COMUNE":"MASSIGNANO"},{"TOTALE":3,"REGIONE":"MARCHE","COMUNE":"MATELICA"},{"TOTALE":1,"REGIONE":"MARCHE","COMUNE":"MONTE SAN GIUSTO"},{"TOTALE":2,"REGIONE":"MARCHE","COMUNE":"MONTEMARCIANO"},{"TOTALE":1,"REGIONE":"MARCHE","COMUNE":"MONTERUBBIANO"},{"TOTALE":5,"REGIONE":"MARCHE","COMUNE":"OSIMO"},{"TOTALE":2,"REGIONE":"MARCHE","COMUNE":"OSTRA"},{"TOTALE":4,"REGIONE":"MARCHE","COMUNE":"PESARO"},{"TOTALE":1,"REGIONE":"MARCHE","COMUNE":"PORTO SAN GIORGIO"},{"TOTALE":2,"REGIONE":"MARCHE","COMUNE":"POTENZA PICENA"},{"TOTALE":6,"REGIONE":"MARCHE","COMUNE":"SAN BENEDETTO DEL TRONTO"},{"TOTALE":6,"REGIONE":"MARCHE","COMUNE":"SAN SEVERINO MARCHE"},{"TOTALE":4,"REGIONE":"MOLISE","COMUNE":"CAMPOBASSO"},{"TOTALE":2,"REGIONE":"MOLISE","COMUNE":"GUGLIONESI"},{"TOTALE":2,"REGIONE":"MOLISE","COMUNE":"TERMOLI"},{"TOTALE":2,"REGIONE":"PIEMONTE","COMUNE":"AIRASCA"},{"TOTALE":8,"REGIONE":"PIEMONTE","COMUNE":"ALESSANDRIA"},{"TOTALE":2,"REGIONE":"PIEMONTE","COMUNE":"ALPIGNANO"},{"TOTALE":2,"REGIONE":"PIEMONTE","COMUNE":"ANDORNO MICCA"},{"TOTALE":2,"REGIONE":"PIEMONTE","COMUNE":"ARQUATA SCRIVIA"},{"TOTALE":4,"REGIONE":"PIEMONTE","COMUNE":"BASALUZZO"},{"TOTALE":2,"REGIONE":"PIEMONTE","COMUNE":"BIELLA"},{"TOTALE":4,"REGIONE":"PIEMONTE","COMUNE":"BOLLENGO"},{"TOTALE":4,"REGIONE":"PIEMONTE","COMUNE":"CAMERI"},{"TOTALE":2,"REGIONE":"PIEMONTE","COMUNE":"CARAGLIO"},{"TOTALE":2,"REGIONE":"PIEMONTE","COMUNE":"CARISIO"},{"TOTALE":4,"REGIONE":"PIEMONTE","COMUNE":"CARMAGNOLA"},{"TOTALE":1,"REGIONE":"PIEMONTE","COMUNE":"CASALE MONFERRATO"},{"TOTALE":1,"REGIONE":"PIEMONTE","COMUNE":"CASELLE TORINESE"},{"TOTALE":4,"REGIONE":"PIEMONTE","COMUNE":"CASSANO SPINOLA"},{"TOTALE":2,"REGIONE":"PIEMONTE","COMUNE":"CASTAGNETO PO"},{"TOTALE":2,"REGIONE":"PIEMONTE","COMUNE":"CASTELL'ALFERO"},{"TOTALE":2,"REGIONE":"PIEMONTE","COMUNE":"CASTELLAMONTE"},{"TOTALE":14,"REGIONE":"PIEMONTE","COMUNE":"CAVOUR"},{"TOTALE":2,"REGIONE":"PIEMONTE","COMUNE":"CHIERI"},{"TOTALE":5,"REGIONE":"PIEMONTE","COMUNE":"CHIVASSO"},{"TOTALE":4,"REGIONE":"PIEMONTE","COMUNE":"COAZZE"},{"TOTALE":1,"REGIONE":"PIEMONTE","COMUNE":"COLLEGNO"},{"TOTALE":4,"REGIONE":"PIEMONTE","COMUNE":"COSSATO"},{"TOTALE":3,"REGIONE":"PIEMONTE","COMUNE":"CUNEO"},{"TOTALE":2,"REGIONE":"PIEMONTE","COMUNE":"FOBELLO"},{"TOTALE":2,"REGIONE":"PIEMONTE","COMUNE":"FOSSANO"},{"TOTALE":4,"REGIONE":"PIEMONTE","COMUNE":"FUBINE MONFERRATO"},{"TOTALE":6,"REGIONE":"PIEMONTE","COMUNE":"GIAVENO"},{"TOTALE":6,"REGIONE":"PIEMONTE","COMUNE":"LEINI"},{"TOTALE":1,"REGIONE":"PIEMONTE","COMUNE":"LORANZÈ"},{"TOTALE":2,"REGIONE":"PIEMONTE","COMUNE":"MAPPANO"},{"TOTALE":2,"REGIONE":"PIEMONTE","COMUNE":"MERCENASCO"},{"TOTALE":6,"REGIONE":"PIEMONTE","COMUNE":"MONCALIERI"},{"TOTALE":2,"REGIONE":"PIEMONTE","COMUNE":"NICHELINO"},{"TOTALE":6,"REGIONE":"PIEMONTE","COMUNE":"NIZZA MONFERRATO"},{"TOTALE":3,"REGIONE":"PIEMONTE","COMUNE":"NOVARA"},{"TOTALE":2,"REGIONE":"PIEMONTE","COMUNE":"ORBASSANO"},{"TOTALE":2,"REGIONE":"PIEMONTE","COMUNE":"OULX"},{"TOTALE":2,"REGIONE":"PIEMONTE","COMUNE":"PIANEZZA"},{"TOTALE":4,"REGIONE":"PIEMONTE","COMUNE":"PINEROLO"},{"TOTALE":4,"REGIONE":"PIEMONTE","COMUNE":"PIOSSASCO"},{"TOTALE":2,"REGIONE":"PIEMONTE","COMUNE":"RIVALTA DI TORINO"},{"TOTALE":9,"REGIONE":"PIEMONTE","COMUNE":"RIVOLI"},{"TOTALE":2,"REGIONE":"PIEMONTE","COMUNE":"RUBIANA"},{"TOTALE":2,"REGIONE":"PIEMONTE","COMUNE":"SALA BIELLESE"},{"TOTALE":3,"REGIONE":"PIEMONTE","COMUNE":"SALE"},{"TOTALE":3,"REGIONE":"PIEMONTE","COMUNE":"SALUZZO"},{"TOTALE":11,"REGIONE":"PIEMONTE","COMUNE":"SAN DAMIANO D'ASTI"},{"TOTALE":4,"REGIONE":"PIEMONTE","COMUNE":"SAN MAURO TORINESE"},{"TOTALE":4,"REGIONE":"PIEMONTE","COMUNE":"SANT'AMBROGIO DI TORINO"},{"TOTALE":1,"REGIONE":"PIEMONTE","COMUNE":"SCALENGHE"},{"TOTALE":2,"REGIONE":"PIEMONTE","COMUNE":"SCARNAFIGI"},{"TOTALE":4,"REGIONE":"PIEMONTE","COMUNE":"SERRAVALLE SCRIVIA"},{"TOTALE":1,"REGIONE":"PIEMONTE","COMUNE":"SETTIMO TORINESE"},{"TOTALE":2,"REGIONE":"PIEMONTE","COMUNE":"TIGLIOLE"},{"TOTALE":179,"REGIONE":"PIEMONTE","COMUNE":"TORINO"},{"TOTALE":1,"REGIONE":"PIEMONTE","COMUNE":"TORTONA"},{"TOTALE":2,"REGIONE":"PIEMONTE","COMUNE":"TRECATE"},{"TOTALE":1,"REGIONE":"PIEMONTE","COMUNE":"VALGIOIE"},{"TOTALE":4,"REGIONE":"PIEMONTE","COMUNE":"VARISELLA"},{"TOTALE":5,"REGIONE":"PIEMONTE","COMUNE":"VERCELLI"},{"TOTALE":2,"REGIONE":"PIEMONTE","COMUNE":"VICOFORTE"},{"TOTALE":1,"REGIONE":"PIEMONTE","COMUNE":"VIGLIANO BIELLESE"},{"TOTALE":1,"REGIONE":"PIEMONTE","COMUNE":"VILLASTELLONE"},{"TOTALE":4,"REGIONE":"PUGLIA","COMUNE":"BARI"},{"TOTALE":2,"REGIONE":"PUGLIA","COMUNE":"BARLETTA"},{"TOTALE":2,"REGIONE":"PUGLIA","COMUNE":"BRINDISI"},{"TOTALE":2,"REGIONE":"PUGLIA","COMUNE":"CANOSA DI PUGLIA"},{"TOTALE":1,"REGIONE":"PUGLIA","COMUNE":"CASTELLUCCIO DEI SAURI"},{"TOTALE":4,"REGIONE":"PUGLIA","COMUNE":"CERIGNOLA"},{"TOTALE":1,"REGIONE":"PUGLIA","COMUNE":"CONVERSANO"},{"TOTALE":2,"REGIONE":"PUGLIA","COMUNE":"FAGGIANO"},{"TOTALE":2,"REGIONE":"PUGLIA","COMUNE":"FOGGIA"},{"TOTALE":16,"REGIONE":"PUGLIA","COMUNE":"GIOIA DEL COLLE"},{"TOTALE":12,"REGIONE":"PUGLIA","COMUNE":"LECCE"},{"TOTALE":1,"REGIONE":"PUGLIA","COMUNE":"MAGLIE"},{"TOTALE":3,"REGIONE":"PUGLIA","COMUNE":"MANFREDONIA"},{"TOTALE":2,"REGIONE":"PUGLIA","COMUNE":"MATTINATA"},{"TOTALE":2,"REGIONE":"PUGLIA","COMUNE":"MELENDUGNO"},{"TOTALE":2,"REGIONE":"PUGLIA","COMUNE":"MOLFETTA"},{"TOTALE":1,"REGIONE":"PUGLIA","COMUNE":"MONOPOLI"},{"TOTALE":1,"REGIONE":"PUGLIA","COMUNE":"MONTEPARANO"},{"TOTALE":6,"REGIONE":"PUGLIA","COMUNE":"NARDÒ"},{"TOTALE":1,"REGIONE":"PUGLIA","COMUNE":"ORTA NOVA"},{"TOTALE":2,"REGIONE":"PUGLIA","COMUNE":"SAN CESARIO DI LECCE"},{"TOTALE":1,"REGIONE":"PUGLIA","COMUNE":"SAN FERDINANDO DI PUGLIA"},{"TOTALE":9,"REGIONE":"PUGLIA","COMUNE":"SAN GIOVANNI ROTONDO"},{"TOTALE":3,"REGIONE":"PUGLIA","COMUNE":"SAN PAOLO DI CIVITATE"},{"TOTALE":1,"REGIONE":"PUGLIA","COMUNE":"SAN SEVERO"},{"TOTALE":2,"REGIONE":"PUGLIA","COMUNE":"SANTERAMO IN COLLE"},{"TOTALE":1,"REGIONE":"PUGLIA","COMUNE":"SPONGANO"},{"TOTALE":2,"REGIONE":"PUGLIA","COMUNE":"TRANI"},{"TOTALE":4,"REGIONE":"PUGLIA","COMUNE":"VICO DEL GARGANO"},{"TOTALE":10,"REGIONE":"SARDEGNA","COMUNE":"ALGHERO"},{"TOTALE":2,"REGIONE":"SARDEGNA","COMUNE":"ASSEMINI"},{"TOTALE":2,"REGIONE":"SARDEGNA","COMUNE":"BAUNEI"},{"TOTALE":7,"REGIONE":"SARDEGNA","COMUNE":"BOSA"},{"TOTALE":11,"REGIONE":"SARDEGNA","COMUNE":"CAGLIARI"},{"TOTALE":2,"REGIONE":"SARDEGNA","COMUNE":"CALASETTA"},{"TOTALE":2,"REGIONE":"SARDEGNA","COMUNE":"DECIMOMANNU"},{"TOTALE":2,"REGIONE":"SARDEGNA","COMUNE":"IGLESIAS"},{"TOTALE":3,"REGIONE":"SARDEGNA","COMUNE":"MORGONGIORI"},{"TOTALE":4,"REGIONE":"SARDEGNA","COMUNE":"NUORO"},{"TOTALE":11,"REGIONE":"SARDEGNA","COMUNE":"OLBIA"},{"TOTALE":1,"REGIONE":"SARDEGNA","COMUNE":"OLZAI"},{"TOTALE":2,"REGIONE":"SARDEGNA","COMUNE":"PALAU"},{"TOTALE":1,"REGIONE":"SARDEGNA","COMUNE":"QUARTUCCIU"},{"TOTALE":1,"REGIONE":"SARDEGNA","COMUNE":"SAMASSI"},{"TOTALE":1,"REGIONE":"SARDEGNA","COMUNE":"SAN SPERATE"},{"TOTALE":2,"REGIONE":"SARDEGNA","COMUNE":"SANTA MARIA COGHINAS"},{"TOTALE":8,"REGIONE":"SARDEGNA","COMUNE":"SASSARI"},{"TOTALE":2,"REGIONE":"SARDEGNA","COMUNE":"SELARGIUS"},{"TOTALE":2,"REGIONE":"SARDEGNA","COMUNE":"SORSO"},{"TOTALE":2,"REGIONE":"SARDEGNA","COMUNE":"TEMPIO PAUSANIA"},{"TOTALE":2,"REGIONE":"SARDEGNA","COMUNE":"VILLANOVA TRUSCHEDU"},{"TOTALE":1,"REGIONE":"SICILIA","COMUNE":"ACI CASTELLO"},{"TOTALE":3,"REGIONE":"SICILIA","COMUNE":"AUGUSTA"},{"TOTALE":1,"REGIONE":"SICILIA","COMUNE":"BARRAFRANCA"},{"TOTALE":4,"REGIONE":"SICILIA","COMUNE":"CALTANISSETTA"},{"TOTALE":2,"REGIONE":"SICILIA","COMUNE":"CANICATTINI BAGNI"},{"TOTALE":2,"REGIONE":"SICILIA","COMUNE":"CANICATTÌ"},{"TOTALE":1,"REGIONE":"SICILIA","COMUNE":"CARLENTINI"},{"TOTALE":8,"REGIONE":"SICILIA","COMUNE":"CATANIA"},{"TOTALE":1,"REGIONE":"SICILIA","COMUNE":"CHIARAMONTE GULFI"},{"TOTALE":2,"REGIONE":"SICILIA","COMUNE":"FAVIGNANA"},{"TOTALE":2,"REGIONE":"SICILIA","COMUNE":"GANGI"},{"TOTALE":3,"REGIONE":"SICILIA","COMUNE":"ISPICA"},{"TOTALE":1,"REGIONE":"SICILIA","COMUNE":"LENTINI"},{"TOTALE":2,"REGIONE":"SICILIA","COMUNE":"LEONFORTE"},{"TOTALE":5,"REGIONE":"SICILIA","COMUNE":"MARSALA"},{"TOTALE":3,"REGIONE":"SICILIA","COMUNE":"MASCALUCIA"},{"TOTALE":2,"REGIONE":"SICILIA","COMUNE":"MAZZARINO"},{"TOTALE":1,"REGIONE":"SICILIA","COMUNE":"MESSINA"},{"TOTALE":4,"REGIONE":"SICILIA","COMUNE":"MILAZZO"},{"TOTALE":2,"REGIONE":"SICILIA","COMUNE":"MILITELLO ROSMARINO"},{"TOTALE":2,"REGIONE":"SICILIA","COMUNE":"NICOSIA"},{"TOTALE":4,"REGIONE":"SICILIA","COMUNE":"NISCEMI"},{"TOTALE":4,"REGIONE":"SICILIA","COMUNE":"PALAZZOLO ACREIDE"},{"TOTALE":19,"REGIONE":"SICILIA","COMUNE":"PALERMO"},{"TOTALE":12,"REGIONE":"SICILIA","COMUNE":"PATTI"},{"TOTALE":2,"REGIONE":"SICILIA","COMUNE":"PIAZZA ARMERINA"},{"TOTALE":2,"REGIONE":"SICILIA","COMUNE":"RAGUSA"},{"TOTALE":4,"REGIONE":"SICILIA","COMUNE":"RAMACCA"},{"TOTALE":2,"REGIONE":"SICILIA","COMUNE":"SAN FILIPPO DEL MELA"},{"TOTALE":2,"REGIONE":"SICILIA","COMUNE":"SANT'AGATA LI BATTIATI"},{"TOTALE":1,"REGIONE":"SICILIA","COMUNE":"SANTA TERESA DI RIVA"},{"TOTALE":1,"REGIONE":"SICILIA","COMUNE":"SANTO STEFANO DI CAMASTRA"},{"TOTALE":3,"REGIONE":"SICILIA","COMUNE":"SCICLI"},{"TOTALE":2,"REGIONE":"SICILIA","COMUNE":"SCILLATO"},{"TOTALE":3,"REGIONE":"SICILIA","COMUNE":"SIRACUSA"},{"TOTALE":1,"REGIONE":"SICILIA","COMUNE":"SOLARINO"},{"TOTALE":2,"REGIONE":"SICILIA","COMUNE":"TERMINI IMERESE"},{"TOTALE":2,"REGIONE":"SICILIA","COMUNE":"TRAPANI"},{"TOTALE":3,"REGIONE":"SICILIA","COMUNE":"TRECASTAGNI"},{"TOTALE":1,"REGIONE":"SICILIA","COMUNE":"VITTORIA"},{"TOTALE":1,"REGIONE":"TOSCANA","COMUNE":"ABBADIA SAN SALVATORE"},{"TOTALE":1,"REGIONE":"TOSCANA","COMUNE":"ARCIDOSSO"},{"TOTALE":4,"REGIONE":"TOSCANA","COMUNE":"AREZZO"},{"TOTALE":1,"REGIONE":"TOSCANA","COMUNE":"BADIA TEDALDA"},{"TOTALE":2,"REGIONE":"TOSCANA","COMUNE":"BIBBIENA"},{"TOTALE":2,"REGIONE":"TOSCANA","COMUNE":"BIBBONA"},{"TOTALE":1,"REGIONE":"TOSCANA","COMUNE":"CAMAIORE"},{"TOTALE":2,"REGIONE":"TOSCANA","COMUNE":"CAMPAGNATICO"},{"TOTALE":2,"REGIONE":"TOSCANA","COMUNE":"CAMPO NELL'ELBA"},{"TOTALE":6,"REGIONE":"TOSCANA","COMUNE":"CAPANNORI"},{"TOTALE":1,"REGIONE":"TOSCANA","COMUNE":"CARRARA"},{"TOTALE":2,"REGIONE":"TOSCANA","COMUNE":"CASOLE D'ELSA"},{"TOTALE":6,"REGIONE":"TOSCANA","COMUNE":"CASTELFIORENTINO"},{"TOTALE":2,"REGIONE":"TOSCANA","COMUNE":"CASTELLINA IN CHIANTI"},{"TOTALE":4,"REGIONE":"TOSCANA","COMUNE":"CASTELNUOVO DI VAL DI CECINA"},{"TOTALE":5,"REGIONE":"TOSCANA","COMUNE":"CASTIGLIONE DI GARFAGNANA"},{"TOTALE":2,"REGIONE":"TOSCANA","COMUNE":"CECINA"},{"TOTALE":2,"REGIONE":"TOSCANA","COMUNE":"CERTALDO"},{"TOTALE":4,"REGIONE":"TOSCANA","COMUNE":"CHIANCIANO TERME"},{"TOTALE":1,"REGIONE":"TOSCANA","COMUNE":"COLLESALVETTI"},{"TOTALE":14,"REGIONE":"TOSCANA","COMUNE":"CRESPINA LORENZANA"},{"TOTALE":3,"REGIONE":"TOSCANA","COMUNE":"EMPOLI"},{"TOTALE":1,"REGIONE":"TOSCANA","COMUNE":"FIESOLE"},{"TOTALE":4,"REGIONE":"TOSCANA","COMUNE":"FIGLINE E INCISA VALDARNO"},{"TOTALE":81,"REGIONE":"TOSCANA","COMUNE":"FIRENZE"},{"TOTALE":2,"REGIONE":"TOSCANA","COMUNE":"FIRENZUOLA"},{"TOTALE":4,"REGIONE":"TOSCANA","COMUNE":"FIVIZZANO"},{"TOTALE":9,"REGIONE":"TOSCANA","COMUNE":"FOIANO DELLA CHIANA"},{"TOTALE":1,"REGIONE":"TOSCANA","COMUNE":"FOLLONICA"},{"TOTALE":2,"REGIONE":"TOSCANA","COMUNE":"GREVE IN CHIANTI"},{"TOTALE":6,"REGIONE":"TOSCANA","COMUNE":"GROSSETO"},{"TOTALE":9,"REGIONE":"TOSCANA","COMUNE":"LIVORNO"},{"TOTALE":2,"REGIONE":"TOSCANA","COMUNE":"MASSA"},{"TOTALE":2,"REGIONE":"TOSCANA","COMUNE":"MONSUMMANO TERME"},{"TOTALE":1,"REGIONE":"TOSCANA","COMUNE":"MONTAIONE"},{"TOTALE":2,"REGIONE":"TOSCANA","COMUNE":"MONTE SAN SAVINO"},{"TOTALE":4,"REGIONE":"TOSCANA","COMUNE":"MONTECATINI-TERME"},{"TOTALE":6,"REGIONE":"TOSCANA","COMUNE":"MONTEPULCIANO"},{"TOTALE":4,"REGIONE":"TOSCANA","COMUNE":"MONTESPERTOLI"},{"TOTALE":4,"REGIONE":"TOSCANA","COMUNE":"MONTEVARCHI"},{"TOTALE":1,"REGIONE":"TOSCANA","COMUNE":"MONTIERI"},{"TOTALE":2,"REGIONE":"TOSCANA","COMUNE":"PIANCASTAGNAIO"},{"TOTALE":12,"REGIONE":"TOSCANA","COMUNE":"PISA"},{"TOTALE":9,"REGIONE":"TOSCANA","COMUNE":"PISTOIA"},{"TOTALE":2,"REGIONE":"TOSCANA","COMUNE":"PONTASSIEVE"},{"TOTALE":1,"REGIONE":"TOSCANA","COMUNE":"PONTEDERA"},{"TOTALE":50,"REGIONE":"TOSCANA","COMUNE":"PRATO"},{"TOTALE":1,"REGIONE":"TOSCANA","COMUNE":"PRATOVECCHIO STIA"},{"TOTALE":2,"REGIONE":"TOSCANA","COMUNE":"QUARRATA"},{"TOTALE":3,"REGIONE":"TOSCANA","COMUNE":"SAN CASCIANO IN VAL DI PESA"},{"TOTALE":1,"REGIONE":"TOSCANA","COMUNE":"SAN GIMIGNANO"},{"TOTALE":2,"REGIONE":"TOSCANA","COMUNE":"SAN GIOVANNI VALDARNO"},{"TOTALE":6,"REGIONE":"TOSCANA","COMUNE":"SAN GIULIANO TERME"},{"TOTALE":4,"REGIONE":"TOSCANA","COMUNE":"SAN MINIATO"},{"TOTALE":3,"REGIONE":"TOSCANA","COMUNE":"SANTA CROCE SULL'ARNO"},{"TOTALE":2,"REGIONE":"TOSCANA","COMUNE":"SCANDICCI"},{"TOTALE":2,"REGIONE":"TOSCANA","COMUNE":"SCARLINO"},{"TOTALE":1,"REGIONE":"TOSCANA","COMUNE":"SERAVEZZA"},{"TOTALE":3,"REGIONE":"TOSCANA","COMUNE":"SESTO FIORENTINO"},{"TOTALE":2,"REGIONE":"TOSCANA","COMUNE":"SIENA"},{"TOTALE":3,"REGIONE":"TOSCANA","COMUNE":"SIGNA"},{"TOTALE":4,"REGIONE":"TOSCANA","COMUNE":"SUBBIANO"},{"TOTALE":3,"REGIONE":"TOSCANA","COMUNE":"VAGLIA"},{"TOTALE":1,"REGIONE":"TOSCANA","COMUNE":"VOLTERRA"},{"TOTALE":2,"REGIONE":"TRENTINO ALTO ADIGE","COMUNE":"APPIANO SULLA STRADA DEL VINO"},{"TOTALE":369,"REGIONE":"TRENTINO ALTO ADIGE","COMUNE":"BOLZANO"},{"TOTALE":8,"REGIONE":"TRENTINO ALTO ADIGE","COMUNE":"BRESSANONE"},{"TOTALE":3,"REGIONE":"TRENTINO ALTO ADIGE","COMUNE":"BRONZOLO"},{"TOTALE":3,"REGIONE":"TRENTINO ALTO ADIGE","COMUNE":"CALDARO SULLA STRADA DEL VINO"},{"TOTALE":1,"REGIONE":"TRENTINO ALTO ADIGE","COMUNE":"CLES"},{"TOTALE":3,"REGIONE":"TRENTINO ALTO ADIGE","COMUNE":"DRENA"},{"TOTALE":1,"REGIONE":"TRENTINO ALTO ADIGE","COMUNE":"FOLGARIA"},{"TOTALE":10,"REGIONE":"TRENTINO ALTO ADIGE","COMUNE":"GAIS"},{"TOTALE":3,"REGIONE":"TRENTINO ALTO ADIGE","COMUNE":"LONA-LASES"},{"TOTALE":2,"REGIONE":"TRENTINO ALTO ADIGE","COMUNE":"MADRUZZO"},{"TOTALE":3,"REGIONE":"TRENTINO ALTO ADIGE","COMUNE":"MAREBBE"},{"TOTALE":6,"REGIONE":"TRENTINO ALTO ADIGE","COMUNE":"MERANO"},{"TOTALE":14,"REGIONE":"TRENTINO ALTO ADIGE","COMUNE":"MEZZOCORONA"},{"TOTALE":2,"REGIONE":"TRENTINO ALTO ADIGE","COMUNE":"MOLVENO"},{"TOTALE":4,"REGIONE":"TRENTINO ALTO ADIGE","COMUNE":"PARCINES"},{"TOTALE":4,"REGIONE":"TRENTINO ALTO ADIGE","COMUNE":"PERGINE VALSUGANA"},{"TOTALE":3,"REGIONE":"TRENTINO ALTO ADIGE","COMUNE":"RENON"},{"TOTALE":4,"REGIONE":"TRENTINO ALTO ADIGE","COMUNE":"RIVA DEL GARDA"},{"TOTALE":2,"REGIONE":"TRENTINO ALTO ADIGE","COMUNE":"ROVERETO"},{"TOTALE":30,"REGIONE":"TRENTINO ALTO ADIGE","COMUNE":"SAN MICHELE ALL'ADIGE"},{"TOTALE":1,"REGIONE":"TRENTINO ALTO ADIGE","COMUNE":"SILANDRO"},{"TOTALE":8,"REGIONE":"TRENTINO ALTO ADIGE","COMUNE":"TRENTO"},{"TOTALE":2,"REGIONE":"TRENTINO ALTO ADIGE","COMUNE":"VALLARSA"},{"TOTALE":4,"REGIONE":"TRENTINO ALTO ADIGE","COMUNE":"VERMIGLIO"},{"TOTALE":2,"REGIONE":"UMBRIA","COMUNE":"ASSISI"},{"TOTALE":2,"REGIONE":"UMBRIA","COMUNE":"ATTIGLIANO"},{"TOTALE":2,"REGIONE":"UMBRIA","COMUNE":"BETTONA"},{"TOTALE":2,"REGIONE":"UMBRIA","COMUNE":"CASTIGLIONE DEL LAGO"},{"TOTALE":4,"REGIONE":"UMBRIA","COMUNE":"CITTÀ DELLA PIEVE"},{"TOTALE":3,"REGIONE":"UMBRIA","COMUNE":"CITTÀ DI CASTELLO"},{"TOTALE":2,"REGIONE":"UMBRIA","COMUNE":"FABRO"},{"TOTALE":9,"REGIONE":"UMBRIA","COMUNE":"FOLIGNO"},{"TOTALE":2,"REGIONE":"UMBRIA","COMUNE":"GIANO DELL'UMBRIA"},{"TOTALE":2,"REGIONE":"UMBRIA","COMUNE":"GUBBIO"},{"TOTALE":4,"REGIONE":"UMBRIA","COMUNE":"MARSCIANO"},{"TOTALE":40,"REGIONE":"UMBRIA","COMUNE":"PERUGIA"},{"TOTALE":1,"REGIONE":"UMBRIA","COMUNE":"SCHEGGIA E PASCELUPO"},{"TOTALE":5,"REGIONE":"UMBRIA","COMUNE":"SPOLETO"},{"TOTALE":10,"REGIONE":"UMBRIA","COMUNE":"TERNI"},{"TOTALE":1,"REGIONE":"UMBRIA","COMUNE":"UMBERTIDE"},{"TOTALE":3,"REGIONE":"VALLE D'AOSTA","COMUNE":"AOSTA"},{"TOTALE":4,"REGIONE":"VALLE D'AOSTA","COMUNE":"CHÂTILLON"},{"TOTALE":2,"REGIONE":"VALLE D'AOSTA","COMUNE":"GRESSAN"},{"TOTALE":4,"REGIONE":"VALLE D'AOSTA","COMUNE":"LA THUILE"},{"TOTALE":4,"REGIONE":"VALLE D'AOSTA","COMUNE":"PONT-SAINT-MARTIN"},{"TOTALE":8,"REGIONE":"VALLE D'AOSTA","COMUNE":"SAINT-VINCENT"},{"TOTALE":2,"REGIONE":"VENETO","COMUNE":"ALTAVILLA VICENTINA"},{"TOTALE":5,"REGIONE":"VENETO","COMUNE":"ASOLO"},{"TOTALE":1,"REGIONE":"VENETO","COMUNE":"BARBARANO MOSSANO"},{"TOTALE":7,"REGIONE":"VENETO","COMUNE":"BASSANO DEL GRAPPA"},{"TOTALE":2,"REGIONE":"VENETO","COMUNE":"BORGO VENETO"},{"TOTALE":3,"REGIONE":"VENETO","COMUNE":"BUSSOLENGO"},{"TOTALE":16,"REGIONE":"VENETO","COMUNE":"CADONEGHE"},{"TOTALE":4,"REGIONE":"VENETO","COMUNE":"CALDIERO"},{"TOTALE":8,"REGIONE":"VENETO","COMUNE":"CALTO"},{"TOTALE":1,"REGIONE":"VENETO","COMUNE":"CAMPOLONGO MAGGIORE"},{"TOTALE":2,"REGIONE":"VENETO","COMUNE":"CAMPONOGARA"},{"TOTALE":1,"REGIONE":"VENETO","COMUNE":"CAPRINO VERONESE"},{"TOTALE":3,"REGIONE":"VENETO","COMUNE":"CASIER"},{"TOTALE":1,"REGIONE":"VENETO","COMUNE":"CASTELFRANCO VENETO"},{"TOTALE":1,"REGIONE":"VENETO","COMUNE":"CAVALLINO-TREPORTI"},{"TOTALE":5,"REGIONE":"VENETO","COMUNE":"CEGGIA"},{"TOTALE":2,"REGIONE":"VENETO","COMUNE":"CINTO CAOMAGGIORE"},{"TOTALE":2,"REGIONE":"VENETO","COMUNE":"COLLE UMBERTO"},{"TOTALE":3,"REGIONE":"VENETO","COMUNE":"CONEGLIANO"},{"TOTALE":2,"REGIONE":"VENETO","COMUNE":"CURTAROLO"},{"TOTALE":3,"REGIONE":"VENETO","COMUNE":"FOSSÒ"},{"TOTALE":1,"REGIONE":"VENETO","COMUNE":"GAVELLO"},{"TOTALE":2,"REGIONE":"VENETO","COMUNE":"JESOLO"},{"TOTALE":4,"REGIONE":"VENETO","COMUNE":"LEGNAGO"},{"TOTALE":2,"REGIONE":"VENETO","COMUNE":"LIMANA"},{"TOTALE":2,"REGIONE":"VENETO","COMUNE":"LIMENA"},{"TOTALE":4,"REGIONE":"VENETO","COMUNE":"LONIGO"},{"TOTALE":2,"REGIONE":"VENETO","COMUNE":"LUSIANA CONCO"},{"TOTALE":4,"REGIONE":"VENETO","COMUNE":"MALCESINE"},{"TOTALE":5,"REGIONE":"VENETO","COMUNE":"MALO"},{"TOTALE":1,"REGIONE":"VENETO","COMUNE":"MAROSTICA"},{"TOTALE":2,"REGIONE":"VENETO","COMUNE":"MARTELLAGO"},{"TOTALE":8,"REGIONE":"VENETO","COMUNE":"MASERÀ DI PADOVA"},{"TOTALE":1,"REGIONE":"VENETO","COMUNE":"MASI"},{"TOTALE":2,"REGIONE":"VENETO","COMUNE":"MIRA"},{"TOTALE":1,"REGIONE":"VENETO","COMUNE":"MIRANO"},{"TOTALE":9,"REGIONE":"VENETO","COMUNE":"MONSELICE"},{"TOTALE":6,"REGIONE":"VENETO","COMUNE":"MONTICELLO CONTE OTTO"},{"TOTALE":1,"REGIONE":"VENETO","COMUNE":"MOTTA DI LIVENZA"},{"TOTALE":1,"REGIONE":"VENETO","COMUNE":"NEGRAR DI VALPOLICELLA"},{"TOTALE":6,"REGIONE":"VENETO","COMUNE":"OCCHIOBELLO"},{"TOTALE":41,"REGIONE":"VENETO","COMUNE":"PADOVA"},{"TOTALE":2,"REGIONE":"VENETO","COMUNE":"PAESE"},{"TOTALE":3,"REGIONE":"VENETO","COMUNE":"PEDEROBBA"},{"TOTALE":6,"REGIONE":"VENETO","COMUNE":"PONTE SAN NICOLÒ"},{"TOTALE":10,"REGIONE":"VENETO","COMUNE":"PONZANO VENETO"},{"TOTALE":2,"REGIONE":"VENETO","COMUNE":"PORTO VIRO"},{"TOTALE":4,"REGIONE":"VENETO","COMUNE":"PORTOGRUARO"},{"TOTALE":2,"REGIONE":"VENETO","COMUNE":"PREGANZIOL"},{"TOTALE":2,"REGIONE":"VENETO","COMUNE":"QUARTO D'ALTINO"},{"TOTALE":3,"REGIONE":"VENETO","COMUNE":"RIESE PIO X"},{"TOTALE":2,"REGIONE":"VENETO","COMUNE":"ROVIGO"},{"TOTALE":1,"REGIONE":"VENETO","COMUNE":"RUBANO"},{"TOTALE":1,"REGIONE":"VENETO","COMUNE":"SALZANO"},{"TOTALE":2,"REGIONE":"VENETO","COMUNE":"SAN FIOR"},{"TOTALE":3,"REGIONE":"VENETO","COMUNE":"SAN GREGORIO NELLE ALPI"},{"TOTALE":2,"REGIONE":"VENETO","COMUNE":"SAN MARTINO BUON ALBERGO"},{"TOTALE":3,"REGIONE":"VENETO","COMUNE":"SAN PIETRO VIMINARIO"},{"TOTALE":3,"REGIONE":"VENETO","COMUNE":"SAN ZENO DI MONTAGNA"},{"TOTALE":1,"REGIONE":"VENETO","COMUNE":"SANT'AMBROGIO DI VALPOLICELLA"},{"TOTALE":1,"REGIONE":"VENETO","COMUNE":"SANTA GIUSTINA"},{"TOTALE":3,"REGIONE":"VENETO","COMUNE":"SAONARA"},{"TOTALE":4,"REGIONE":"VENETO","COMUNE":"SELVAZZANO DENTRO"},{"TOTALE":2,"REGIONE":"VENETO","COMUNE":"SOAVE"},{"TOTALE":2,"REGIONE":"VENETO","COMUNE":"SOVIZZO"},{"TOTALE":4,"REGIONE":"VENETO","COMUNE":"SPINEA"},{"TOTALE":1,"REGIONE":"VENETO","COMUNE":"SPRESIANO"},{"TOTALE":1,"REGIONE":"VENETO","COMUNE":"STRA"},{"TOTALE":3,"REGIONE":"VENETO","COMUNE":"TORRI DEL BENACO"},{"TOTALE":5,"REGIONE":"VENETO","COMUNE":"TORRI DI QUARTESOLO"},{"TOTALE":1,"REGIONE":"VENETO","COMUNE":"TREVENZUOLO"},{"TOTALE":1,"REGIONE":"VENETO","COMUNE":"TREVIGNANO"},{"TOTALE":1,"REGIONE":"VENETO","COMUNE":"TREVISO"},{"TOTALE":1,"REGIONE":"VENETO","COMUNE":"VALEGGIO SUL MINCIO"},{"TOTALE":2,"REGIONE":"VENETO","COMUNE":"VELO VERONESE"},{"TOTALE":24,"REGIONE":"VENETO","COMUNE":"VENEZIA"},{"TOTALE":25,"REGIONE":"VENETO","COMUNE":"VERONA"},{"TOTALE":6,"REGIONE":"VENETO","COMUNE":"VICENZA"},{"TOTALE":2,"REGIONE":"VENETO","COMUNE":"VILLA DEL CONTE"},{"TOTALE":6,"REGIONE":"VENETO","COMUNE":"VILLAFRANCA DI VERONA"},{"TOTALE":1,"REGIONE":"VENETO","COMUNE":"ZUGLIANO"}]